Name,Quotes,Tires,New Tires,Special Offers
Avon Tires,"Keep up the good work. ,Quick shipping and fair prices. I appreciate dealing with Tire Rack. ,The only way I will buy tires. Thanks for all your surveys and info. Made this all too easy.","Turbospeed CR228-D,CR227,Turbospeed CR27,Turbosteel 70",,
Yokohama Tires,"Your prices are amazing and delivery was some of the fastest I've seen. Thank you, Tire Rack!! ,Perfect! I will do business with Tire Rack again. ,As usual, Tire Rack's execution on my order was flawless. ","ADVAN A052,ADVAN Neova AD07,ADVAN Neova AD08 R,ADVAN Apex V601,ADVAN Sport,ADVAN Sport V105,ADVAN Sport V105G,ADVAN Sport V107,A-008,A-008P,ADVAN Fleva V701,ADVAN A82A,ADVAN Sport A/S+,ADVAN A83A,ADVAN A83B,AVID ENVigor ZPS,ADVAN A11A,AVID Ascend GT,AVID GT S35A,BluEarth S34,AVID Ascend LX,AVID TOURING-S,AVID GT,AVID S30B,AVID S30D,AVID S33B,AVID S33D,AVID S34B,AVID S34D,AVID S34F,AVID S34FA,AVID S34FV,AVID S34NV,AVID S34P,AVID S34PV,AVID S34RV,BluEarth S34TZ,iceGUARD iG52c,iceGUARD iG53,BluEarth Winter V905,ADVAN A048,Y870B,Y870C,ADVAN S.T.,AVS S/T,Geolandar H/T G038G,Parada Spec-X,Geolandar CV G058,Geolandar G055,Geolandar G055G,Geolandar H/T G056B,Geolandar SUV G055E,Geolandar X-CV,Geolandar X-CV G99,Y356,Geolandar G033,Geolandar G91A,Geolandar G91AV,Geolandar G91F,Geolandar G91FV,Geolandar G91HV,Geolandar G96B,Geolandar H/T G056,Geolandar H/T G900,Geolandar H/T G95A,Geolandar A/T G015,Geolandar X-AT,Geolandar M/T G003,Geolandar X-MT,iceGUARD G075,iceGUARD iG51v",,
Vredestein Tires,"I recommend you to everyone I meet that needs tires!,I constantly recommend you to everyone that even mentions a tire. ,Good knowledge, advice, will continue to look to Tire Rack first.","Ultrac Vorti,Hypertrac All Season,Sportrac 5,Sprint +,Sprint Classic,HiTrac All Season,Quatrac,Quatrac 5,Quatrac Pro,Wintrac Pro,Grip Classic,Pinza AT",,
Uniroyal Tires,"The system you have is the best I have ever experienced using!,If you haven't tried Tire Rack then you are missing out. ,Can't wait to place my next order! ","Tiger Paw GTZ All Season 2,Tiger Paw Touring A/S,Tiger Paw AWP II,Tiger Paw Ice & Snow 3,Laredo Cross Country Tour,Laredo Cross Country,Laredo HD/H,Laredo HD/T",,
Toyo Tires,"Always great service. Always! ,Great prices. Fast shipping. A great place to shop. ,Straightforward, very accurate information. ","Proxes R1R,Proxes Sport,Proxes T1 Sport,Proxes 4 Plus,Proxes 4 Plus A,Proxes 4 Plus B,Proxes R35,A20,A22,NanoEnergy A29,Proxes A18,Proxes A18A,Proxes A20,Proxes A27,Proxes A35,Proxes A37,Proxes R888,Proxes R888R,Proxes RA1,Proxes RR,Proxes TQ,Proxes ST III,A23,A24,A36,A45,Celsius CUV A,Open Country A20,Open Country A25A,Open Country A38,Open Country A39,Open Country A43,Open Country A46,Open Country A26,Open Country A30,Open Country A31,Open Country HT-D,Open Country A/T II,Open Country A/T III,Open Country M/T,Open Country R/T","A45,Open Country A46",
Sumitomo Tires,"I always get my tires so prompt it's almost like you shipped them before I finished ordering. ,I have used Tire Rack for years and love the service. ,Tire Rack is my first choice for tires and wheels. ","HTR Z5,HTR A/S P03,HTR A/S P02 (H- or V-Speed Rated),HTR Enhance LX2,HTR Enhance WX2,Touring LS H,Touring LS V,Touring LS T,HTR Enhance CX2,Touring LX H,Touring LX T,Encounter HT,Encounter AT",,
Riken Tires,"Wish all my dealings were this satisfactory.  Keep up the great work.,I have to rate Tire Rack's support and service as a solid 10.,Brand selection and information excellent, made it much easier to make a buying decision.","Raptor ZR A/S,Raptor HR,Raptor VR",,
Power King Tires,"The most helpful thing was your directory of local garages...and the ability to ship tires directly to them.,Tire Rack makes tire buying easy. I can [see] info on tire ratings...very helpful.,Your web site exemplifies what the online shopping experience should be!","Towmax STR II,Towmax Vanguard",,
Pirelli Tires,"[This] was my first time buying tires online...it won't be my last.,A great website that is truly user friendly! ,An excellent combination of price and outstanding service makes Tire Rack my #1 choice. ","P Zero,P Zero (Collezione),P Zero (PZ4),P Zero Connected (PZ4),P Zero Nero,P Zero Nero GT,P Zero Rosso,P Zero Rosso (Collezione),P Zero Run Flat,P Zero Run Flat (PZ4),P Zero Seal Inside (PZ4),P Zero System (Collezione),Cinturato P7,Cinturato P7 (P7C2),Cinturato P7 (W- or Y-Speed Rated),Cinturato P7 Blue,Cinturato P7 Run Flat,P Zero All Season,P Zero All Season Plus,P Zero All Season Run Flat,P Zero Nero All Season,P Zero Nero All Season Run Flat,P Zero Nero M&S,Cinturato P1 Run Flat,Cinturato P7 (Collezione),Cinturato P7 Run Flat (H- or V-Speed Rated),P6000,P700-Z (Collezione),Cinturato P7 All Season,Cinturato P7 All Season Plus,Cinturato P7 All Season Plus II,Cinturato P7 All Season Run Flat,Cinturato P7 All Season Seal Inside,P7 AS Plus 3,P4 Four Seasons Plus,Ice Zero FR,Ice Zero FR Run Flat,P Zero Winter,Winter Snowcontrol Serie 3,Winter Snowcontrol Serie 3 Run Flat,Winter Sottozero,Winter Sottozero 3,Winter Sottozero 3 Run Flat,Winter Sottozero Serie II,Winter Sottozero Serie II Run Flat,P Zero Corsa (PZC4),P Zero Corsa Connected (PZC4),P Zero Corsa System,P Zero Trofeo R,Spare Tyre,Scorpion Verde,Scorpion Verde Run Flat,Scorpion Zero,Scorpion Zero All Season,Scorpion Zero All Season Plus,Scorpion Zero All Season Run Flat,Scorpion Zero Asimmetrico,Scorpion AS Plus 3,Scorpion Verde All Season,Scorpion Verde All Season Plus,Scorpion Verde All Season Plus II,Scorpion Verde All Season Run Flat,Scorpion STR,Scorpion STR A,Scorpion ATR,Scorpion All Terrain Plus,Scorpion Ice & Snow Run Flat,Scorpion Winter,Scorpion Winter Run Flat","P Zero Connected (PZ4),Cinturato P7 (P7C2),P Zero All Season Run Flat,P700-Z (Collezione),P Zero Corsa Connected (PZC4)",
Mickey Thompson Tires,"Keep up the good work! ,Always helpful in reaching a decision on tire choice.,A very fair price on the finest street performance tires I have ever used. Delivered as promised.",Baja Boss A/T,,
Nexen Tires,"The only way I will buy tires. Thanks for all your surveys and info. Made this all too easy.,You folks are always quick to deliver and communicate well what status an order is in. Keep up the good work.,Keep up the good work, it is great to deal with a company that has the customer in mind. ","N FERA Sport,N FERA AU7,N Priz S,N blue EV,Classe Premiere CP662,Classe Premiere CP671,Classe Premiere CP671 H,N Priz AH8,N FERA SUR4G Drag Spec,N FERA RU1,N Priz RH7,N Priz RH7a,Roadian GTX,Roadian CT8 HL,Roadian HTX RH5,Roadian AT Pro RA8",,
Michelin Tires,"Consistent performance builds customer confidence and the loyalty that keeps me coming back, time after time.,Tire ratings and reviews helped me get much better tires for my vehicle. ,You...may well be the last place I ever buy tires from.  Ever.  I've had a wonderful experience.","Pilot Sport Cup 2 (240),Pilot Sport Cup 2 Connect (240),Pilot Sport 3,Pilot Sport 3 ZP,Pilot Sport 4,Pilot Sport 4 ZP,Pilot Sport 4S,Pilot Sport 4S ZP,Pilot Sport EV,Pilot Sport PS2,Pilot Sport PS2 ZP,Pilot Super Sport,Pilot Super Sport ZP,Pilot Exalto PE2,Pilot Sport A/S 3+,Pilot Sport A/S 3+ ZP,Pilot Sport A/S ZP,Pilot Sport All Season 4,Pilot Sport All Season 4 ZP,Pilot Sport A/S 3 N-Spec,Pilot Sport A/S Plus N-Spec,Energy Saver,Primacy 3,Primacy 3 ZP,Primacy HP,CrossClimate+,CrossClimate2,Pilot HX MXM4,Premier A/S,Premier A/S Selfseal,Primacy MXM4,Primacy MXM4 ZP,Primacy MXV4,Primacy Tour A/S,Primacy Tour A/S ZP,Defender T+H,Energy LX4,Energy Saver A/S,Energy Saver A/S Selfseal,Primacy A/S,Primacy A/S Selfseal,X-Ice Snow,X-Ice Xi3,X-Ice Xi3 ZP,Alpin A4 ZP,Pilot Alpin 5,Pilot Alpin PA4,Pilot Alpin PA4 N-Spec,Pilot Alpin PA4 ZP,Pilot Sport Cup 2,Pilot Sport Cup 2 R,Pilot Sport Cup 2 R Track Connect,Pilot Sport Cup 2 Track Connect,Pilot Sport Cup 2 ZP,Learn More,Buy Now,4x4 Diamaris,Latitude Sport,Latitude Sport 3,Latitude Sport 3 ZP,Pilot Sport 4 SUV,Latitude Cross,CrossClimate SUV,Latitude Tour,Latitude Tour HP,Latitude Tour HP ZP,Premier LTX,XPS Rib,XRV,Agilis CrossClimate,Agilis LTX,Defender LTX M/S,LTX A/S,LTX M/S2,Primacy LTX,Primacy XC,LTX A/T 2,LTX Trail,Latitude X-Ice Xi2,Latitude X-Ice Xi2 ZP,X-Ice Snow SUV,Latitude Alpin,Latitude Alpin LA2,Pilot Alpin 5 SUV,Pilot Alpin 5 SUV ZP",Pilot Sport EV,Michelin: Get $70* Back via Online Submission*
Laufenn Tires,"Efficient, customer friendly, and responsive.,The information that you provide makes you my first stop in tire shopping. ,The selection and availability has always been what brings me back to Tire Rack. ","S FIT AS,G FIT AS,X FIT HT,X FIT AT",,
Kumho Tires,"My son and I have a collection of 12 sports cars and have been loyal customers for several years.,Tire Rack gave me good service and lots of information to make my decision a lot easier.,Keep up the good work, an exceptional tire buying experience. ","Ecsta V720,Ecsta V730,Ecsta PS91,Ecsta PS31,Ecsta PA51,Ecsta AST,Ecsta PA31,Ecsta LX Platinum,Majesty 9 Solus TA91,Majesty Solus,Solus KH16,Solus KH25,Solus TA31,Solus TA31+,Solus TA71,Solus TA11,Ecsta V700,Ecsta V720 ACR,Spare Tire T121,Spare Tire T131,Ecsta STX KL12,Crugen HP71,Crugen Premium,Solus KL21,Crugen HT51,Road Venture APT KL51,Road Venture AT51,Road Venture AT52,Road Venture MT KL71,Road Venture MT51,Road Venture MT71",Road Venture AT52,
Maxxis Tires,"The only way I will buy tires. Thanks for all your surveys and info. Made this all too easy.,[Sales specialist] had personal experience with the tires I was...purchasing...Happy to hear [that].,I am committed to buying all of my tires through Tire Rack from now on. ","Spare Tire,M8008 Plus",,
Hoosier Tires,"Great website! And I liked the fast delivery. ,Great website. Great service. Great products. ,A first class operation...no qualms regarding future purchases...will continue to be a satisfied customer.","A7,R7,Radial Wet H2O,Radial Wet W2,D.O.T. Drag Radial,D.O.T. Drag Radial 2",,
Hankook Tires,"I use Tire Rack as often as possible. ,Tire Rack makes it easy to buy tires, period. ,Website is a great resource.  I just order the tires and have them delivered to my dealership...easy on me.","Ventus R-S4,Ventus S1 evo Z,Ventus V12 evo K110,Ventus V12 evo2,Ventus Prime 2,Ventus Prime 2 HRS,Ventus Prime3 HRS,Ventus S1 evo2,Ventus S1 evo2 HRS,Ventus S1 evo3,Ventus S1 evo3 HRS,Ventus S1 evo3 ev,Ventus S1 AS,Ventus S1 noble2,Ventus S1 noble2 +,Ventus S1 noble2 HRS,Ventus V4 ES H105,Ventus V2 concept2,Kinergy Eco,Kinergy 4S2,Kinergy GT,Kinergy GT HRS,Optimo H426,Optimo H426B HRS,Optimo H428,Optimo H725A,Kinergy PT,Kinergy ST,Optimo H724,Optimo H725,Ventus TD,S300,Ventus S1 evo2 SUV,Ventus S1 evo3 SUV,Ventus S1 evo3 SUV HRS,Ventus ST RH06,Dynapro HP2,Dynapro HP2 Plus,Kinergy 4S2 X,Kinergy AS X EV,Ventus AS RH07,Dynapro AS RH03,Dynapro HT RH12,Smart Flex AH35,Vantra LT,Dynapro AT RF08,Dynapro AT-M,Dynapro AT2,Dynapro AT2 Xtreme,Dynapro MT2,Vantra Trailer,Vantra Trailer TH31","Ventus Prime3 HRS,Ventus S1 evo3 HRS",
Goodyear Tires,"Really liked tire comparisons and reviews. It's how I ended up making my final decision. ,Keep up the good work, an exceptional tire buying experience. ,Excellent. Reliable. Good products. Good pricing. Knowledgeable staff. ","Eagle F1 Supercar 3,Eagle F1 Supercar G: 2,Eagle F1 Supercar G: 2 RunOnFlat,Eagle F1 Asymmetric,Eagle F1 Asymmetric 2,Eagle F1 Asymmetric 2 RunOnFlat,Eagle F1 Asymmetric 3,Eagle F1 Asymmetric 3 RunOnFlat,Eagle F1 Asymmetric 5,Eagle F1 Asymmetric 5 RunOnFlat,Eagle F1 Asymmetric 5 SealTech,Eagle F1 SuperSport,Eagle F1 Supercar,Eagle F1 Supercar EMT,Eagle F1 GS EMT,Eagle F1 GS-2 EMT,Eagle Exhilarate,Eagle F1 Asymmetric 5 (M+S),Eagle F1 Asymmetric All-Season,Eagle F1 Asymmetric All-Season RunOnFlat,Eagle Sport All-Season,Eagle Enforcer,Eagle Enforcer All Weather,Eagle RS-A,Eagle RS-A EMT,Eagle RS-A2,Eagle Sport All-Season RunOnFlat,Eagle GT II,Eagle NCT5 A RunOnFlat,Eagle NCT5 EMT,Efficient Grip Performance RunOnFlat,Efficient Grip RunOnFlat,Excellence,Excellence RunOnFlat,Assurance ComforTred Touring,Assurance ComfortDrive,Assurance WeatherReady,Eagle LS,Eagle LS-2,Eagle LS-2 RunOnFlat,Eagle Touring,Radial LS,Assurance MaxLife,Assurance All-Season,Assurance Finesse,Assurance Fuel Max,Integrity,Ultra Grip Ice WRT,WinterCommand Ultra,WinterCommand,Eagle Enforcer Winter,Ultra Grip 8 Performance,Ultra Grip Performance Gen-1,Eagle F1 SuperSport R,Eagle F1 Supercar 3R,Convenience Spare,Radial Spare,Eagle F1 Asymmetric 2 SUV-4X4,Eagle F1 Asymmetric 3 SUV,Eagle F1 Asymmetric SUV,Eagle F1 Asymmetric SUV-4X4,Eagle F1 Asymmetric SUV-4X4 RunOnFlat,Eagle F1 Asymmetric AT SUV-4X4,Fortera SL Edition,Wrangler HP,Wrangler HP All Weather,Assurance CS Fuel Max,Fortera HL Edition,Wrangler Fortitude HT,Wrangler HT,Wrangler SR-A,Wrangler ST,Wrangler Territory HT,Wrangler AT/S,Wrangler All-Terrain Adventure,Wrangler All-Terrain Adventure with Kevlar,Wrangler Territory AT,Wrangler Territory AT/S,Wrangler TrailRunner AT,Wrangler Workhorse AT,Wrangler Enforcer MT,Wrangler MT/R with Kevlar,Wrangler Territory MT,Wrangler DuraTrac,Wrangler Territory RT,WinterCommand (LT),WinterCommand (SUV),Endurance","Eagle F1 Asymmetric 5,Eagle F1 Asymmetric 5 RunOnFlat,Ultra Grip Performance Gen-1",Get Up to $100 Back* from Goodyear
General Tires,"Keep doing what you are doing! ,I have been buying from Tire Rack for 25+ years! ,Your site has the best information, which allows the consumer to make the best choice for his needs.","G-MAX RS,G-MAX AS-05,G-MAX Justice,AltiMAX 365 AW,AltiMAX RT43,G-MAX Justice AW,Altimax Arctic 12,Grabber UHP,AmeriTrac,Grabber HD,Grabber HD Van,Grabber HTS,Grabber HTS 60,AmeriTrac TR,Grabber A/TX,Grabber APT,Grabber AT 2,Grabber AT3,Grabber X3,Grabber Arctic,Grabber Arctic LT",G-MAX Justice AW,
Fuzion Tires,"I appreciate the ease of ordering and the selection process on the website. ,I use the website/surveys/reviews/test results to narrow down the tires for me. Your web site is invaluable.,Never had a bad experience; you are my tire supplier of choice.","UHP Sport A/S,Touring A/S,SUV,A/T",,
Dunlop Tires,"Tire Rack is the standard for online shopping. Price, selection, service...second to none. ,Loved doing business with your company. ,User reviews and surveys help a great deal in the decision-making process. ","Direzza ZII Star Spec,Direzza ZIII,SP Sport Maxx GT 600 DSST CTT,SP Sport Maxx,SP Sport Maxx 050,SP Sport Maxx 050 DSST CTT,SP Sport Maxx GT,SP Sport Maxx GT 600,SP Sport Maxx GT DSST,Sport Maxx RT,Sport Maxx RT RunOnFlat,Sport Maxx RT2,Sport Maxx RT2 RunOnFlat,Direzza DZ102,SP Sport 01 DSST RunOnFlat,SP Sport 5000 DSST CTT,SP Sport 5000 M,SP Sport 5000 Symmetrical,SP Sport 7010 A/S DSST,SP Sport Maxx A1 A/S,SP Sport Maxx A1 A/S DSST,SP Sport Maxx A2 A/S,Signature HP,SP Sport 7000 A/S,Signature II,Enasave 01 A/S,SP10,SP31 A/S,Winter Maxx WM02,SP Winter Sport 3D,SP Winter Sport 3D DSST RunOnFlat,SP Winter Sport 4D,SP Winter Sport 4D DSST RunOnFlat,Sport Maxx Race 2,Space Miser,Grandtrek PT2A,Grandtrek PT3A,Grandtrek PT20,Grandtrek PT21,Grandtrek Touring A/S,Grandtrek AT20,Grandtrek AT23,Grandtrek ST30,Grandtrek SJ6,Winter Maxx SJ8",,
Firestone Tires,"A good website that is easy to research tire ratings and perfor AR,I couldn't believe the tires came the next day.  Quite impressive!!,The fastest shipping that I have ever seen. ","Firehawk Indy 500,FR740,Firehawk AS,Firehawk GT,Champion Fuel Fighter,FT140,WeatherGrip,Affinity Touring,All Season,FR710,Winterforce 2,Destination LE 2,Destination LE3,Transforce CV,Transforce HT,Transforce HT2,Destination A/T,Destination A/T2,Destination X/T,Destination M/T2,Transforce AT,Transforce AT2,Winterforce CV,Winterforce 2 UV,Winterforce LT",,Get Up to $66 Back by Mail on Qualifying Bridgestone and Firestone Purchases
Falken Tires,"The Tire Rack always excels. I've been a customer since they first started on the net.,This has to be the best online service I ever had. Thanks Tire Rack.,Tire Rack seems to go the extra mile to make sure the correct information is available.","Azenis RT615K+,Azenis RT660,Azenis FK510,Azenis FK001 A/S,Sincera SN250A A/S,FK-090,Azenis FK510 SUV,Azenis FK510A SUV,WildPeak H/T HT01A,ZIEX CT50 A/S,ZIEX ZE001 A/S,ZIEX ZE001A A/S,WildPeak A/T Trail,WildPeak A/T Trail 01A,WildPeak A/T3W,WildPeak A/T3W A,WildPeak M/T",,
Cooper Tires,"The Tire Rack is truly the only place from which I will purchase tires.,Yet another wonderful Tire Rack experience!! ,I will only use Tire Rack from now on! ","Zeon RS3-G1,Cobra Radial G/T,CS5 Ultra Touring,Endeavor,CS5 Grand Touring,Evolution Tour,Discoverer True North,Evolution Winter,Discoverer H/T Plus,Discoverer EnduraMax,Discoverer SRX,Discoverer SRX LE,Endeavor Plus,Evolution H/T,Discoverer HT3,Discoverer AT3 4S,Discoverer AT3 LT,Discoverer AT3 XLT,Discoverer Rugged Trek,Discoverer STT PRO,Evolution M/T,Discoverer S/T Maxx,Discoverer Snow Claw",,
Dick Cepek Tires,"Best thing was how promptly the tires were shipped and how soon they arrived after I placed my order.,Great service! ,Very helpful tire ratings enabled me to buy a quality set of tires for the best comparable price. ","Trail Country,Trail Country EXP,Extreme Country",,
Bridgestone Tires,"The best tire and wheel website out there! ,You have the best tire and wheel site on the web. Bar none!!!,I start and end at your website to choose tires. It is first-class and very helpful. ","Potenza RE-71R,Potenza RE070R RFT,Potenza S007A,Potenza S007A RFT,Potenza RE050 RFT,Potenza RE050A,Potenza RE050A II RFT,Potenza RE050A RFT,Potenza RE050A Scuderia,Potenza S-02,Potenza S-02 A,Potenza S-04 Pole Position,Potenza S001,Potenza S001 I,Potenza S001 RFT,Potenza S001L,Potenza S001L RFT,Potenza S007,Potenza S007 RFT,Potenza Sport,Potenza S005,RE71 Denloc,Potenza RE980AS,Potenza RE980AS+,Potenza RE92,Potenza RE92A,Ecopia EP500,Turanza ER300 RFT,Turanza ER300-02 RFT,Turanza ER300A RFT,Turanza ER33,Turanza ER33 RFT,Turanza T001 RFT,Turanza T005,Turanza T005 RFT,Turanza T005A,Turanza T005A RFT,DriveGuard,Ecopia EP422,Ecopia EP422 Plus,Ecopia EP600,Potenza RE97AS,Potenza RE97AS RFT,Potenza RE97AS-02,Turanza EL440,Turanza EL450,Turanza EL450 RFT,Turanza LS100,Turanza LS100 A,Turanza LS100 A RFT,Turanza LS100 RFT,Turanza QuietTrack,Turanza EL400 RFT,Turanza EL400-02,Turanza EL400-02 RFT,Turanza EL42,Turanza EL42 RFT,Turanza EL470,B380 RFT,Ecopia EP150,Blizzak LM-50 RFT,Blizzak WS90,Blizzak LM-25 RFT,Blizzak LM-32,Blizzak LM-500,Blizzak LM-60 RFT,Blizzak LM-80 RFT,Blizzak LM001,Blizzak LM001 RFT,Blizzak LM005,Alenza 001,Alenza 001 RFT,Dueler H/P Sport,Dueler H/P Sport RFT,Alenza AS Ultra,Alenza H/L 33,Alenza Sport A/S,Alenza Sport A/S RFT,Dueler H/L 33,Dueler H/L 422 Ecopia,Dueler H/L Alenza,Dueler H/L Alenza Plus,Dueler H/P Sport AS,Dueler H/P Sport AS RFT,Ecopia H/L 422 Plus,Ecopia H/L 422 Plus (Original Equipment),Ecopia H/L 422 Plus RFT,Alenza A/S 02,Dueler H/L 400,Dueler H/L 400 RFT,Dueler H/P 92A,Dueler H/T 685,Dueler H/T D684 II,Dueler H/T D687,Dueler H/T D689,Dueler H/T D840,Duravis R500 HD,R265 5-Rib,Dueler A/T D693 III,Dueler A/T RH-S,Dueler A/T Revo 3,Duravis M700 HD,Blizzak DM-V2,Blizzak LT,Blizzak LM-25 4X4 RFT,Blizzak LM-80 RFT",Alenza AS Ultra,Get Up to $66 Back by Mail on Qualifying Bridgestone and Firestone Purchases
Continental Tires,"I will be a repeat customer! ,Great service. Quick shipping. Outstanding customer service. ,You are earning a loyal customer; I couldn't be happier!","ExtremeContact Force,ContiSportContact 2,ContiSportContact 3,ContiSportContact 5,ContiSportContact 5 ContiSeal,ContiSportContact 5 SSR,ContiSportContact 5P,ContiSportContact 5P SSR,ExtremeContact DW,ExtremeContact Sport,SportContact 6,SportContact 6 SSR,ExtremeContact DWS 06,ExtremeContact DWS 06 Plus,ContiEcoContact EP,ContiPremiumContact 2,PremiumContact 6,PremiumContact 6 SSR,ContiProContact,ContiProContact ContiSeal,ContiProContact SSR,ContiTouringContact CV95,ProContact GX,ProContact GX SSR,ProContact RX,ProContact RX SSR,ProContact TX,ProContact TX SSR,PureContact LS,TrueContact Tour,ContiWinterContact TS800,VikingContact 7,VikingContact 7 SSR,ContiWinterContact TS830 P,ContiWinterContact TS830 P SSR,WinterContact TS 850 P,WinterContact TS 860 S,WinterContact TS 860 S SSR,CST 17,sContact,ContiContact UHP SSR,ContiSportContact 5 SSR SUV,ContiSportContact 5 SUV,CrossContact UHP,4x4 Contact,4x4 Contact SSR,CrossContact LX,CrossContact LX Sport,CrossContact LX Sport SSR,CrossContact LX20 with EcoPlus Technology,CrossContact LX25,CrossContact RX,CrossContact RX ContiSeal,Conti HSR+,Conti Hybrid HS3,ContiTrac,ContiTrac TR,TerrainContact H/T,VanContact A/S,VancoFourSeason,CrossContact ATR,TerrainContact A/T,Conti HDR+,Conti Hybrid HD3,VancoWinter 2,4x4 WinterContact SSR,ContiCrossContact Winter","CrossContact RX ContiSeal,CrossContact ATR",
BFGoodrich Tires,"I have been buying from Tire Rack for 25+ years! ,Tire Rack is the only place I buy tires. ,Excellent customer service. Awesome prices. Quick shipping. ","g-Force Rival,g-Force Rival S 1.5,g-Force Sport COMP-2,g-Force COMP-2 A/S PLUS,Radial T/A,Radial T/A Spec,Advantage Control,Advantage T/A,Advantage T/A Sport,Advantage T/A Sport LT,Commercial T/A All-Season 2,All-Terrain T/A KO2,Trail-Terrain T/A,Krawler T/A KX,Mud-Terrain T/A KM2,Mud-Terrain T/A KM3",Trail-Terrain T/A,BFGoodrichÂ®: Get Up to $70* Back After Online Submission*
